param,acc,wrong_num
0.1,0.09725158562367865,854
0.01,0.8678646934460887,125
0.001,0.9556025369978859,42
0.0001,0.8414376321353065,150
