param,acc,wrong_num
1,0.985200845665962,14
3,0.9820295983086681,17
5,0.9809725158562368,18
7,0.9725158562367865,26
