param,acc,wrong_num
0.1,0.8953488372093024,99
0.01,0.9809725158562368,18
0.001,0.9778012684989429,21
0.0001,0.9767441860465116,22
